{
  "TP": 2291,
  "FN": 8244,
  "FP": 6826,
  "X": 54702,
  "A": 10535,
  "r": 2.096203132415757,
  "U": 22083.5,
  "score_s": -19304.697247271004,
  "CRG": 0.3479267288846524
}