{
  "BLEU_1": 0.4336968508780478,
  "BLEU_2": 0.3128448554748437,
  "BLEU_3": 0.2387792055768415,
  "BLEU_4": 0.19317244951936918,
  "BLEU_mean": 0.29462334036227555,
  "ROUGE_L": 0.2818612638388339,
  "CIDEr": 0.06681725946068148,
  "METEOR": 0.2184809856083071
}