{
  "BLEU_1": 0.37787124772772895,
  "BLEU_2": 0.2994954349931783,
  "BLEU_3": 0.25251577682955256,
  "BLEU_4": 0.22134336418427236,
  "BLEU_mean": 0.28780645593368304,
  "ROUGE_L": 0.35751232672984157,
  "CIDEr": 0.06649302868823086,
  "METEOR": 0.22434041101269422
}