{
  "BLEU_1": 0.38014837570991833,
  "BLEU_2": 0.3014783430116597,
  "BLEU_3": 0.25530162486409863,
  "BLEU_4": 0.22452084866241084,
  "BLEU_mean": 0.2903622980620219,
  "ROUGE_L": 0.362385766644005,
  "CIDEr": 0.08417627945347804,
  "METEOR": 0.22452662672945178
}