{
  "TP": 3949,
  "FN": 6586,
  "FP": 3099,
  "X": 54702,
  "A": 10535,
  "r": 2.096203132415757,
  "U": 22083.5,
  "score_s": -8626.687660180352,
  "CRG": 0.41829811439098397
}