{
  "BLEU_1": 0.4523061729415157,
  "BLEU_2": 0.34503703692213783,
  "BLEU_3": 0.2789128503860473,
  "BLEU_4": 0.23579065603166527,
  "BLEU_mean": 0.32801167907034146,
  "ROUGE_L": 0.3445444337110307,
  "CIDEr": 0.13995681715016625,
  "METEOR": 0.24025538075157948
}