{
  "TP": 0,
  "FN": 10535,
  "FP": 0,
  "X": 54702,
  "A": 10535,
  "r": 2.096203132415757,
  "U": 22083.5,
  "score_s": -22083.5,
  "CRG": 0.3333333333333333
}