{
  "BLEU_1": 0.37880617328925853,
  "BLEU_2": 0.3010650843381149,
  "BLEU_3": 0.25562775012479433,
  "BLEU_4": 0.22539186082412946,
  "BLEU_mean": 0.2902227171440743,
  "ROUGE_L": 0.36272159993481473,
  "CIDEr": 0.08959432491170695,
  "METEOR": 0.22361632747320628
}