{
  "BLEU_1": 0.4784907669140392,
  "BLEU_2": 0.34686857972769425,
  "BLEU_3": 0.2646176142313717,
  "BLEU_4": 0.21219375663908016,
  "BLEU_mean": 0.3255426793780463,
  "ROUGE_L": 0.2827747412047496,
  "CIDEr": 0.06640898981049163,
  "METEOR": 0.23108253121110683
}