{
  "TP": 2607,
  "FN": 7928,
  "FP": 6224,
  "X": 54702,
  "A": 10535,
  "r": 2.096203132415757,
  "U": 22083.5,
  "score_s": -17377.89686758424,
  "CRG": 0.35881935178985414
}