{
  "BLEU_1": 0.46658993259364556,
  "BLEU_2": 0.3348380871085107,
  "BLEU_3": 0.25384668115882486,
  "BLEU_4": 0.2039196336149526,
  "BLEU_mean": 0.31479858361898344,
  "ROUGE_L": 0.27976355745311826,
  "CIDEr": 0.06683801090258434,
  "METEOR": 0.2307658759291296
}