{
  "TP": 2925,
  "FN": 7610,
  "FP": 8966,
  "X": 54702,
  "A": 10535,
  "r": 2.096203132415757,
  "U": 22083.5,
  "score_s": -18786.711675367824,
  "CRG": 0.3507894834521839
}