{
  "BLEU_1": 0.45539467745299334,
  "BLEU_2": 0.33293335496575754,
  "BLEU_3": 0.2564171542585412,
  "BLEU_4": 0.20749908073752157,
  "BLEU_mean": 0.31306106685370344,
  "ROUGE_L": 0.2933607105629978,
  "CIDEr": 0.11395734867908475,
  "METEOR": 0.22962667159623346
}