{
  "TP": 4486,
  "FN": 6049,
  "FP": 3854,
  "X": 54702,
  "A": 10535,
  "r": 2.096203132415757,
  "U": 22083.5,
  "score_s": -7130.365495965829,
  "CRG": 0.43049969109498826
}