{
  "TP": 2274,
  "FN": 8261,
  "FP": 6798,
  "X": 54702,
  "A": 10535,
  "r": 2.096203132415757,
  "U": 22083.5,
  "score_s": -19347.968153773138,
  "CRG": 0.3476896964906707
}