{
  "BLEU_1": 0.45201592832138576,
  "BLEU_2": 0.32671203916489927,
  "BLEU_3": 0.24806151633085988,
  "BLEU_4": 0.1991564325104413,
  "BLEU_mean": 0.3064864790818966,
  "ROUGE_L": 0.28209207051051005,
  "CIDEr": 0.057358576315077875,
  "METEOR": 0.2234650187161492
}