{
  "BLEU_1": 0.43621151668956254,
  "BLEU_2": 0.32408276408288494,
  "BLEU_3": 0.25499179038269615,
  "BLEU_4": 0.2108611792185974,
  "BLEU_mean": 0.3065368125934353,
  "ROUGE_L": 0.30593109125435314,
  "CIDEr": 0.13302659038838005,
  "METEOR": 0.22693184598524058
}