{
  "TP": 3940,
  "FN": 6595,
  "FP": 3625,
  "X": 54702,
  "A": 10535,
  "r": 2.096203132415757,
  "U": 22083.5,
  "score_s": -9190.419316563835,
  "CRG": 0.4138787123301629
}