{
  "TP": 772,
  "FN": 9763,
  "FP": 1778,
  "X": 54702,
  "A": 10535,
  "r": 2.096203132415757,
  "U": 22083.5,
  "score_s": -20624.962363550072,
  "CRG": 0.34083702969341584
}