{
  "BLEU_1": 0.3614310598314299,
  "BLEU_2": 0.28259811310379407,
  "BLEU_3": 0.2369468976162835,
  "BLEU_4": 0.20754028179755932,
  "BLEU_mean": 0.2721290880872667,
  "ROUGE_L": 0.33889151444935034,
  "CIDEr": 0.24672269031618832,
  "METEOR": 0.21568823655428843
}